{"0": {"Bitcoin": [8.973110772524327, 1.3514296309210188]}, "1": {"Ethereum": [3.6336816399641267, 0.4165062134804227]}, "2": {"Bitcoin Cash": [0.8411367902818492, 0.23278873265865266]}, "3": {"Ripple": [0.8581506234813152, -0.17909251954810732]}, "4": {"Dash": [-0.5910594272017534, -0.012248002101087405]}, "5": {"Litecoin": [-0.5627780400450183, 0.05908299587087254]}, "6": {"NEM": [-0.3604357202261837, 0.3881519049863579]}, "7": {"IOTA": [-0.36434898158011403, 0.11366447727990533]}, "8": {"Monero": [-0.33325681012416797, 0.1809337034188733]}, "9": {"Ethereum Classic": [-0.2679993993499638, 0.22399631831892153]}, "10": {"NEO": [-0.5419217583915957, -0.6147702700545749]}, "11": {"BitConnect": [-0.24740180460584685, 0.17410851902339478]}, "12": {"Lisk": [-0.4869494610781892, -0.4624789396394725]}, "13": {"Zcash": [-0.7048686059144869, -0.7868583776244686]}, "14": {"Stratis": [-0.08061965568036428, 0.3872679295290596]}, "15": {"Waves": [-0.28476668583681025, -0.028622711526759582]}, "16": {"Ark": [-0.1676130115309418, 0.24883706738405656]}, "17": {"Steem": [-0.23680088681705233, 0.06515048439518716]}, "18": {"Bytecoin": [1.6451786457954398, -1.8923664379236402]}, "19": {"Decred": [-0.16041791494788707, 0.245529093602263]}, "20": {"BitShares": [-0.08538749093346296, 0.36466437242573174]}, "21": {"Stellar Lumens": [0.02519377544121518, 0.13923608131540322]}, "22": {"Hshare": [-0.09924114992535035, 0.38164749671373416]}, "23": {"Komodo": [-0.21842258454114255, 0.09771029705538332]}, "24": {"PIVX": [-0.23432294282915841, 0.0611081628824475]}, "25": {"Factom": [-0.3212277394907542, -0.10908493624134137]}, "26": {"Byteball Bytes": [-0.14477301733337958, 0.2661757651655051]}, "27": {"Nexus": [0.3041814643379191, 1.7104620116008011]}, "28": {"Siacoin": [-0.4361532462388169, 0.5648768853946132]}, "29": {"DigiByte": [-0.21853766077952913, 0.30032311719887916]}, "30": {"BitcoinDark": [-0.3051255871323578, -0.07905074693391764]}, "31": {"GameCredits": [-0.0531221311741407, 0.5158120464983796]}, "32": {"GXShares": [-0.6398801897966346, -0.6244547184384588]}, "33": {"Lykke": [-0.24151793270069868, 0.04043911576641134]}, "34": {"Dogecoin": [1.0530381570375233, -0.91550683289218]}, "35": {"Blocknet": [-0.0668766907760927, 0.47016752742603585]}, "36": {"Syscoin": [-0.13742907958913417, 0.27700478459178995]}, "37": {"Verge": [-0.20255136229703183, 0.48039129479710485]}, "38": {"FirstCoin": [-0.29896496138347506, -0.06812225742973388]}, "39": {"Nxt": [-0.15149730735070469, 0.22840632573072964]}, "40": {"I-O Coin": [-0.011360217222031049, 0.6613054318739185]}, "41": {"Ubiq": [-0.09121307167727562, 0.4078388500936895]}, "42": {"Particl": [-0.166442244007593, 0.20910695226358114]}, "43": {"NAV Coin": [-0.45224330059743156, -0.333084390055033]}, "44": {"Rise": [-0.20750050970961675, 0.10992735326455957]}, "45": {"Vertcoin": [0.12191941853803938, 1.1606759254603167]}, "46": {"Bitdeal": [0.04415733969338322, 0.852651866237426]}, "47": {"FairCoin": [-0.31726773804003444, -0.10300854172128109]}, "48": {"Metaverse ETP": [-0.7808188737197963, -0.8564085170967514]}, "49": {"Gulden": [-0.16054368889546447, 0.21954868999945448]}, "50": {"ZCoin": [-0.7081580977511516, -0.7314023389350771]}, "51": {"CloakCoin": [-0.4731039756234003, -0.36262031960966007]}, "52": {"NoLimitCoin": [-0.133524957287448, 0.29128469592980055]}, "53": {"Elastic": [-0.15637992324714886, 0.23196493968383583]}, "54": {"Peercoin": [-0.3365867082749167, -0.13755824633399794]}, "55": {"Aidos Kuneen": [-0.15611163327281116, 0.23285166623010833]}, "56": {"ReddCoin": [0.007736182972782726, -0.26961562437732317]}, "57": {"LEOcoin": [0.021975868655615374, 0.777984514435939]}, "58": {"Counterparty": [-0.23265776655334144, 0.05388144599671957]}, "59": {"MonaCoin": [-0.15162416545478455, 0.23948024718129005]}, "60": {"DECENT": [-0.12248730290333701, 0.3235134547488817]}, "61": {"The ChampCoin": [-0.14526116593511998, 0.2564177235403478]}, "62": {"Viacoin": [0.10945065506044734, 1.1184657260078976]}, "63": {"Emercoin": [-0.11474999950747376, 0.3468628178056464]}, "64": {"Crown": [0.12265164236991101, 1.1765141700725787]}, "65": {"Sprouts": [3.21443668692783, -10.446670347886343]}, "66": {"ION": [-0.21306466139604063, 0.09445934787731532]}, "67": {"Namecoin": [-0.6441384097919608, -0.6187555561635297]}, "68": {"Clams": [-0.5321529378658201, -0.4394488546276182]}, "69": {"BitBay": [-0.15203200780972792, 0.22580305997440003]}, "70": {"OKCash": [0.15467911729495537, 1.3262602510034986]}, "71": {"Unobtanium": [-0.13997518809493553, 0.2757149503766433]}, "72": {"Diamond": [-0.23656003564965558, 0.04806149868945936]}, "73": {"Skycoin": [-0.1035108969685922, 0.38306951324769095]}, "74": {"MonetaryUnit": [-0.2696015569705081, -0.019148254699495375]}, "75": {"SpreadCoin": [-0.07384647793216557, 0.4560081954399837]}, "76": {"Mooncoin": [-0.07619869677536156, -6.313541235782455]}, "77": {"Expanse": [-0.04860377750917885, 0.5493690584962498]}, "78": {"SIBCoin": [-0.2615756426835609, 0.0005072823868355169]}, "79": {"ZenCash": [-0.34976925796270286, -0.16076963848903575]}, "80": {"PotCoin": [-0.009463741377616665, 0.672374798087366]}, "81": {"Radium": [-0.09729778997734782, 0.3976459420780039]}, "82": {"Burst": [-0.18376576085813884, 0.13870614422224845]}, "83": {"LBRY Credits": [0.019862047090045888, 0.7743211688795698]}, "84": {"Shift": [-0.14519808252974395, 0.2574760598904595]}, "85": {"DigitalNote": [0.019890874785072933, 0.5518558886080248]}, "86": {"Neblio": [-0.759807173086395, -0.8139596838618784]}, "87": {"Einsteinium": [-0.4602620967626254, -0.3454901856465933]}, "88": {"Compcoin": [-1.1849197037752357, -1.5943466961122477]}, "89": {"Omni": [-0.15092973575898516, 0.24025009176383552]}, "90": {"ATC Coin": [-0.15762974663520252, 0.2296292140763693]}, "91": {"Energycoin": [-0.1823091849806845, 0.1648336341034338]}, "92": {"Rubycoin": [0.030107236132956974, 0.812029630723981]}, "93": {"Gambit": [-0.18911444467772004, 0.15088267816192086]}, "94": {"E-coin": [-0.12215704661349949, 0.3253260400426484]}, "95": {"SaluS": [-0.06055702271818774, 0.5019676981699372]}, "96": {"Groestlcoin": [-0.05102770807448069, 0.5393396347486781]}, "97": {"BlackCoin": [-0.1241943905634249, 0.3187942946369218]}, "98": {"Golos": [-0.02231964071466937, 0.6339049741494873]}, "99": {"GridCoin": [-0.03425154458816869, 0.5937453056591726]}}