{"0": [-0.04514391129131214, -0.060005073652272874], "1": [-0.01716369433524457, 0.0008717712652218818], "2": [0.0795237491830707, -0.2880271299976504], "3": [-0.06513788077076303, 0.04637169468117969], "4": [-0.06959516250231958, -0.060155966687657055], "5": [-0.06747385265943551, -0.03564704046736154], "6": [-0.022864587038942345, -0.015350002405746074], "7": [0.1657850994495389, -0.2970644744108505], "8": [-0.06734940454059839, -0.07415043631106481], "9": [-0.019989314858472766, 0.0550771307687544], "10": [0.03435645122457676, -0.14057928165303074], "11": [-0.030563542677636987, -0.11392204841656027], "12": [-0.07341280142897048, -0.10856200980949467], "13": [0.265500293128249, 0.057011806030138674], "14": [0.0007541688377612233, 0.04159212735097702], "15": [-0.007448689464545842, 0.004647264348115999], "16": [-0.10017412488519903, -0.2135607879238383], "17": [0.1687681671379987, 0.09592058566006423], "18": [-0.03578336879406027, 0.06132173747927858], "19": [-0.03213309729008595, 0.019057539818236095], "20": [-0.006786517886087716, 0.09864173767158396], "21": [-0.01779161709446977, 0.14617349573298147], "22": [0.2349463989308261, 0.1401278088056235], "23": [-0.010537025851910096, -0.05851883001798542], "24": [-0.08371617649504332, -0.048483308660741645], "25": [-0.017030375737277625, 0.013347960946070775], "26": [0.01683295066799117, 0.14532411316891597], "27": [-0.08927392919560173, -0.09418863515214083], "28": [-0.0892739291956, -0.09418863515214174], "29": [-0.07690927350685058, 0.09064677160890769], "30": [-0.06317031912635698, -0.029556272295672446], "31": [-0.017109673481700848, 0.09591717722877785], "32": [0.24526221281458072, 0.29782077739126545], "33": [0.011560259798325223, 0.01786058375814546], "34": [-0.03364943049061915, 0.10082741835136688], "35": [-0.06383950324944399, -0.09587757307826815], "36": [-0.058539862154153854, -0.004191376597122742], "37": [-0.09964960014869256, -0.0302127093166992], "38": [-0.06428356898406482, -0.13440022797500498], "39": [-0.022377423779932046, 0.09382834990166095], "40": [-0.07621468108314357, -0.06333635920035524], "41": [-0.023185252045092985, -0.01173420395843375], "42": [0.07777603191605527, -0.21794715117596986], "43": [-0.12399622149600865, -0.07789071527736723], "44": [-0.14352532146198496, -0.14290244112511757], "45": [0.026958868924109196, -0.03593745356605916], "46": [-0.2616581750907409, 0.5344980653061925], "47": [-0.09696068001962373, -0.10166335468005822], "48": [0.230147021335973, 0.33612013676275077], "49": [-0.05224523539803299, -0.029559236888928003], "50": [0.026497826086228176, 0.037577434062961566], "51": [-0.09567858403544649, -0.01587290429887536], "52": [-0.024994989090911735, -0.19369865376081064], "53": [0.21121630131205774, -0.19159978880020234], "54": [0.038318048217957194, 0.12183441325072812], "55": [-0.19539893502925665, -0.2787404770505813], "56": [-0.058031545853917316, 0.0733815036678515], "57": [0.261361269729356, 0.23127802778820422], "58": [-0.0014259611920451434, 0.010688556262065252], "59": [-0.1028682107148032, 0.046083860373859635], "60": [0.10351671124132247, 0.20300617413250746], "61": [0.4209179860048715, 0.1272860412213525], "62": [-0.04533811224746545, 0.007724928535356254], "63": [0.009225910939022742, 0.07395635887983514], "64": [-0.06649108588337019, -0.013077256211420649], "65": [0.2926819154501399, -0.42308819464531533], "66": [-0.031025260525001916, -0.07744834917999739], "67": [0.04725208333308964, 0.1204733526622363], "68": [-0.01918483851260327, -0.03915852023445504], "69": [-0.028930749531338174, 0.05915423872091553], "70": [-0.19312250164671899, -0.0909167239239021], "71": [-0.0862490909535061, -0.08393371718997658], "72": [-0.09246357698347564, -0.08592070121718819], "73": [0.18095262336546758, 0.010419071532672184], "74": [-0.03543746099381017, -0.030293718097567743], "75": [-0.06071493047366077, -0.0691407438501484], "76": [-0.06569546250110475, 0.07890318914476464], "77": [-0.02125573362334862, 0.005541739521583044], "78": [-0.13166045372747312, 0.01704302543589728], "79": [0.23530550618252502, -0.17205904084315912], "80": [-0.01758962090659154, 0.03595011293492416], "81": [-0.02337830853927485, -0.0008178395647696929], "82": [-0.05608158822114847, 0.0639984302986162], "83": [0.07124040187708677, 0.1972343024437931], "84": [-0.029342473545165705, 0.018947434749768302], "85": [-0.045334381837711483, 0.08387934563042883], "86": [0.434139100059342, -0.391436691176605], "87": [-0.04933179535159693, 0.06020605180967789], "88": [-0.018126925636798623, 0.5881660225174188], "89": [0.01839118996558061, 0.11010952733260876], "90": [-0.19045569112615393, -0.3569416708572091], "91": [-0.05575261249653523, 0.0008009478423558787], "92": [-0.09886521811612496, -0.06070530083695575], "93": [-0.060228730282006704, -0.028361614639827736], "94": [0.33011391755171665, 0.29288224491716625], "95": [-0.04994541847758099, -0.015131984087158067], "96": [-0.14652182841500425, 0.011330114120485384], "97": [-0.015824905065154188, 0.09397943913980393], "98": [0.2347845554975109, -0.05886857736049078], "99": [-0.015382813116205441, 0.07998326071416192]}