{"0": [0.428827683083219, -0.28527771541030567], "1": [0.20102022040560136, -0.24203615715038918], "2": [-0.19390217636671658, 0.2889862340588181], "3": [0.044083227860786306, 0.06414634176703272], "4": [0.390290243692683, 0.09864949580452173], "5": [-0.3071122102666621, 0.12335168789342742], "6": [0.037947114100829286, 0.2763705633740467], "7": [-0.32850534072731763, 0.00045317580163689364], "8": [0.09947100341501376, -0.12869235014172545], "9": [0.09285120374348388, -0.0042690144848413466], "10": [-0.15169303830363456, -0.013162313011850566], "11": [-0.1718267478407115, -0.17222083954011627], "12": [-0.08873827622887542, 0.16128807306765502], "13": [-0.1957455856605942, -0.00500177025196512], "14": [0.10304233404579596, 0.2949270652854517], "15": [-0.3374662989280949, -0.2940951238049124], "16": [-0.1786108314455275, -0.2460764903618324], "17": [0.31491261039332474, 0.2793152214138292], "18": [0.06981702607344148, 0.04591914388825661], "19": [-0.062998772026993, -0.018535830291979655], "20": [0.05123754120191615, 0.07773641111246629], "21": [0.17229191540996294, 0.13494823909449444], "22": [-0.24481371545799926, 0.014611276208495155], "23": [-0.2821014711272955, -0.05561363966787851], "24": [-0.033527269458495323, -0.0014722064736465469], "25": [0.04414796601557091, 0.0021900149882508047], "26": [-0.18323444083488014, 0.027048641009222663], "27": [0.029110878631125013, 0.07209871689088916], "28": [-0.19484132960104408, -0.15243019834043606], "29": [0.13601162802055097, 0.05773008566958745], "30": [0.08986004915077449, 0.1157642440457505], "31": [-0.007863332250467828, 0.3950168889585791], "32": [-0.28707022046102293, 0.33386871096001747], "33": [0.003465203710502766, 0.17768839703343453], "34": [-0.060783578252378644, -0.051446592248924915], "35": [0.08801750005324557, -0.23774566244609965], "36": [0.12389931599686702, 0.24009614377664368], "37": [0.2851889499488336, -0.03618520808650427], "38": [-0.024152372417100235, -0.012015297719701811], "39": [-0.1235054404598042, 0.24421470997293088], "40": [0.050058537650377696, -0.044056670857251276], "41": [-0.15556239046569498, 0.12209184096674172], "42": [-0.3079337794472092, 0.147750468128606], "43": [-0.12117382094966109, -0.046235222590473114], "44": [-0.12897879731257095, -0.13112772268210796], "45": [0.01789545685222396, 0.01098101418599602], "46": [-0.045504972708171575, -0.5894322912387779], "47": [0.11765932626506748, -0.0915007190901674], "48": [0.3960586861392058, -0.01151196181355013], "49": [0.09840751792473701, -0.1334213951135392], "50": [0.26562991138875447, -0.030699315914811377], "51": [-0.016071666119120115, -0.012757606410412233], "52": [-0.29439920496919636, -0.19878075467139752], "53": [-0.41768177233237375, 0.03067571971588848], "54": [0.14219245131601121, -0.06361301786987342], "55": [-0.4062702817440003, -0.09649732270533841], "56": [0.23310531972898055, 0.14796268072996235], "57": [0.13154232945021155, -0.01213828971599959], "58": [-0.0879180952503421, 0.10367673864505662], "59": [0.2466978003244096, 0.16625877408532966], "60": [-0.282751912929576, -0.024924588491363232], "61": [-0.4432108975125982, 0.25476905826028573], "62": [0.044470360636022346, -0.10402424702009651], "63": [0.31912076269990386, -0.03234954238072249], "64": [-0.04703142122287656, -0.017602511206311785], "65": [-0.04940733894646244, -0.25354958229796315], "66": [-0.09897939981822716, -0.2591656753951392], "67": [0.1401770487942441, 0.12870324915860729], "68": [0.182219748500717, 0.09845471305977713], "69": [-0.20150542203448976, 0.06352703524955641], "70": [-0.05826170990427189, -0.2368739851759032], "71": [0.26859088123214014, 0.042703103010631766], "72": [-0.022959181341907536, -0.19688762118956596], "73": [-0.501968423155939, -0.06675501046487943], "74": [-0.029268394749381473, 0.02607016550359552], "75": [-0.04537382834353342, -0.053491871163803564], "76": [0.185705638796966, 0.19103262129910023], "77": [0.038820722251262624, 0.08407437494864667], "78": [-0.04941605759229953, -0.14613738536293172], "79": [0.2796080354124785, 0.17993120070122204], "80": [0.1126257087699746, 0.15939154333398292], "81": [0.08933785887014345, 0.07932611137978128], "82": [0.1771025837127667, 0.17348554101780067], "83": [0.0003113321333622067, -0.007633730780395273], "84": [-0.019222719505966948, -0.24922290098810876], "85": [0.3306296372230773, -0.2258386555597961], "86": [-0.2923171961058877, 0.09695381683543369], "87": [0.1446482675364049, -0.08728521930563585], "88": [0.5442388580686938, -0.3483474301577099], "89": [0.10866843110992702, 0.27222454251861167], "90": [0.013993014430701407, -0.4671738851358974], "91": [-0.04528215115273634, -0.013749462724163454], "92": [0.2572331492215037, 0.10985769446183336], "93": [0.32503754664113277, 0.004390085451297681], "94": [-0.2785457490218208, -0.04831750332872204], "95": [-0.14907149874862263, 0.34725265551182155], "96": [-0.010989505967247477, -0.17138090914456353], "97": [0.24489819710516642, -0.02672789428552388], "98": [-0.5134216342279805, -0.20636623094348608], "99": [0.26679293655401437, 0.09389031237526597]}