{"0": [-0.6768306909093404, 9.055544949170388], "1": [-0.3023921330917211, 3.6626741037912214], "2": [-0.45155096506566705, 0.8467525209022063], "3": [0.13427301823808518, 0.8458500577746378], "4": [-0.009101982766430494, 0.22128812019666172], "5": [-0.061487380896747545, 0.21162680642240503], "6": [-0.2179195722744242, 0.09790972988476228], "7": [-0.10792574466799286, 0.030104313149269098], "8": [-0.18810053374479213, 0.013855565417529732], "9": [-0.22962258055778872, -0.040231184194309114], "10": [0.3969153627725799, -0.013067569706481005], "11": [-0.2005275575552805, -0.07548887040110984], "12": [0.2859744893739018, -0.06367372790503459], "13": [0.5630873456787808, -0.08223972972156651], "14": [-0.37722711167006456, -0.13868717799440963], "15": [-0.05131650927638362, -0.12416571872480074], "16": [-0.26339729706012, -0.1508280859802037], "17": [-0.12260456182251565, -0.14816231813827163], "18": [1.7016069209815239, -0.08288251064497935], "19": [-0.263196198841859, -0.16401005238744182], "20": [-0.3341776579571709, -0.16884115501193278], "21": [-0.07314758791027016, -0.1576188583206084], "22": [-0.36853422467134517, -0.17250702950958163], "23": [-0.15017889450027125, -0.16186959186269156], "24": [-0.12220830737478064, -0.1619151865713476], "25": [0.012220826323644303, -0.1579513330362269], "26": [-0.28034297067691905, -0.17465984577887148], "27": [-1.3556859574407936, -0.2299806359639116], "28": [-0.06633733432336215, -0.1686991076089063], "29": [-0.18549984278698833, -0.17306492718778227], "30": [-0.011818335891827332, -0.16407122223565884], "31": [-0.4680556834474956, -0.1884010151787601], "32": [0.44147664402002945, -0.14394075660257652], "33": [-0.10430687947072045, -0.17155937648192784], "34": [0.9769759005333084, -0.13000461893459198], "35": [-0.43476786317047345, -0.18867853588592137], "36": [-0.2833618995735998, -0.18233846029310083], "37": [-0.2519205423369699, -0.18277421000757002], "38": [-0.020508401891335924, -0.17112027815578526], "39": [-0.2430801457360659, -0.18290461590168425], "40": [-0.5752915278471448, -0.19991018201617558], "41": [-0.38644133576902917, -0.1908616699232131], "42": [-0.23685892130057593, -0.18336723088008636], "43": [0.19654983902913517, -0.16201697890895345], "44": [-0.16012829073820622, -0.18016263822319722], "45": [-0.9430717008419963, -0.2204408516271979], "46": [-0.716102395763883, -0.20964102958255282], "47": [0.007946324284232559, -0.17340282971191193], "48": [0.6344597892805142, -0.14203477613351578], "49": [-0.2414740694361282, -0.1859445938184463], "50": [0.531498520539214, -0.1474565900721666], "51": [0.22144058068190095, -0.16337369768470783], "52": [-0.29686217416641325, -0.18938216428030474], "53": [-0.25339538136577155, -0.18727379990266355], "54": [0.0354884806850146, -0.17310588873104868], "55": [-0.25481726144655337, -0.18789971989562387], "56": [0.30193688334954805, -0.16355469977076953], "57": [-0.6607261388291404, -0.2086903447132333], "58": [-0.11824196918380055, -0.18175341600457193], "59": [-0.25973281205432075, -0.18892288302440857], "60": [-0.32262734416815714, -0.19211135292807613], "61": [-0.27121748199131807, -0.18969794798927814], "62": [-0.9116908446443318, -0.22177536999433298], "63": [-0.34026047371855955, -0.19323478420802498], "64": [-0.9540752354244612, -0.22412784909903471], "65": [10.811660283310236, 0.3006758219277506], "66": [-0.14949368581011385, -0.18402827726775176], "67": [0.4392513211141328, -0.15455831622036068], "68": [0.2892126070409968, -0.16214367761729429], "69": [-0.24090145373396527, -0.18882040299059036], "70": [-1.062241552411375, -0.2299711910633338], "71": [-0.2868727408695182, -0.19120137533170592], "72": [-0.11335615952786025, -0.18266578121493685], "73": [-0.36719949272246105, -0.19538970716617376], "74": [-0.058784159866315765, -0.1799656127859317], "75": [-0.4227794141497761, -0.1981839817090423], "76": [6.112556015643295, 0.10463397465347324], "77": [-0.49108917458196466, -0.201738112379756], "78": [-0.07511891343780111, -0.181056198168275], "79": [0.05409740815949192, -0.17462712730196625], "80": [-0.5806802140349895, -0.206521341959483], "81": [-0.37808557394094783, -0.19642197173273226], "82": [-0.16698913195302184, -0.18605665642480315], "83": [-0.6578563258856823, -0.21046366797911523], "84": [-0.27342249087937986, -0.19124843728986146], "85": [-0.43586950081266396, -0.20016601644171791], "86": [0.6006684408110955, -0.14751204012931243], "87": [0.20873657782406674, -0.1672131106957757], "88": [1.2322644708608057, -0.11596586109382329], "89": [-0.26083684710777444, -0.19077446297055067], "90": [-0.25226580163749635, -0.19035357275730122], "91": [-0.20210148348032503, -0.18788804443418514], "92": [-0.6861252988709687, -0.21212029674552074], "93": [-0.19252138298604088, -0.18740867904993633], "94": [-0.32426661336825185, -0.19402107294638435], "95": [-0.4566795285630883, -0.20066345887831427], "96": [-0.48314973993268895, -0.20200675116383754], "97": [-0.31864536961797246, -0.19376900538002478], "98": [-0.5526587637133784, -0.2055542893594973], "99": [-0.520158528588402, -0.20395646918946908]}