{"0": [0.4288276830831685, -0.2852777154102514], "1": [0.2010202204055937, -0.24203615715060267], "2": [-0.1939021763664939, 0.2889862340585422], "3": [0.044083227860738906, 0.06414634176706653], "4": [0.39029024369270787, 0.09864949580456403], "5": [-0.3071122102666432, 0.1233516878934411], "6": [0.03794711410090806, 0.27637056337404653], "7": [-0.32850534072706794, 0.0004531758016442397], "8": [0.09947100341507487, -0.1286923501418253], "9": [0.09285120374346136, -0.004269014484921243], "10": [-0.1516930383036109, -0.013162313011886653], "11": [-0.17182674784083105, -0.17222083954037373], "12": [-0.08873827622889997, 0.16128807306764656], "13": [-0.19574558566035558, -0.005001770251879899], "14": [0.10304233404572191, 0.2949270652855227], "15": [-0.3374662989280903, -0.29409512380479363], "16": [-0.17861083144546558, -0.24607649036182783], "17": [0.3149126103934746, 0.27931522141387566], "18": [0.06981702607338931, 0.04591914388823227], "19": [-0.06299877202700731, -0.018535830292185952], "20": [0.051237541202093236, 0.07773641111247756], "21": [0.17229191541013594, 0.1349482390946075], "22": [-0.2448137154584309, 0.01461127620841296], "23": [-0.28210147112742157, -0.05561363966786297], "24": [-0.03352726945857209, -0.0014722064737111818], "25": [0.044147966015445676, 0.0021900149880541876], "26": [-0.18323444083454343, 0.027048641009147122], "27": [0.029110878631248057, 0.07209871689095217], "28": [-0.19484132960139333, -0.15243019834077914], "29": [0.13601162802047392, 0.057730085669478425], "30": [0.0898600491507473, 0.1157642440457257], "31": [-0.007863332250433404, 0.3950168889585681], "32": [-0.28707022046083663, 0.33386871095988696], "33": [0.0034652037104771715, 0.1776883970334141], "34": [-0.06078357825213573, -0.05144659224879982], "35": [0.08801750005312627, -0.23774566244607742], "36": [0.1238993159968648, 0.24009614377675179], "37": [0.285188949948725, -0.036185208086562046], "38": [-0.024152372417354063, -0.012015297719982491], "39": [-0.12350544045999783, 0.244214709973093], "40": [0.05005853765043201, -0.044056670857372415], "41": [-0.15556239046570616, 0.12209184096675302], "42": [-0.3079337794471156, 0.14775046812861903], "43": [-0.12117382094957423, -0.046235222590427644], "44": [-0.12897879731264592, -0.1311277226821664], "45": [0.017895456852194833, 0.010981014185965626], "46": [-0.04550497270818507, -0.5894322912387808], "47": [0.11765932626503936, -0.09150071909014676], "48": [0.39605868613937967, -0.011511961813515246], "49": [0.09840751792480273, -0.1334213951134969], "50": [0.2656299113886166, -0.0306993159147331], "51": [-0.01607166611919559, -0.01275760641037797], "52": [-0.2943992049692461, -0.19878075467142253], "53": [-0.4176817723325496, 0.03067571971595811], "54": [0.14219245131622488, -0.06361301786978331], "55": [-0.4062702817441442, -0.09649732270531639], "56": [0.2331053197289689, 0.14796268072994523], "57": [0.1315423294501814, -0.012138289716021567], "58": [-0.08791809525038581, 0.10367673864504724], "59": [0.24669780032427718, 0.16625877408526188], "60": [-0.28275191293004237, -0.024924588491269717], "61": [-0.44321089751227616, 0.2547690582603124], "62": [0.04447036063625001, -0.10402424702017758], "63": [0.31912076269989903, -0.03234954238044915], "64": [-0.04703142122284258, -0.017602511206317263], "65": [-0.049407338946474234, -0.2535495822978933], "66": [-0.09897939981830758, -0.2591656753954372], "67": [0.14017704879454082, 0.12870324915865936], "68": [0.18221974850082068, 0.09845471305980066], "69": [-0.2015054220345209, 0.06352703524962092], "70": [-0.05826170990429981, -0.236873985176004], "71": [0.2685908812321877, 0.04270310301063376], "72": [-0.02295918134183969, -0.19688762118929362], "73": [-0.5019684231558295, -0.0667550104648686], "74": [-0.029268394749349298, 0.026070165503587383], "75": [-0.04537382834307332, -0.05349187116293885], "76": [0.185705638796902, 0.19103262129905016], "77": [0.0388207222513441, 0.08407437494868837], "78": [-0.04941605759231913, -0.1461373853629008], "79": [0.2796080354124851, 0.1799312007010343], "80": [0.11262570876993575, 0.15939154333391678], "81": [0.08933785887016436, 0.0793261113797758], "82": [0.17710258371266643, 0.17348554101782143], "83": [0.0003113321332191532, -0.0076337307804167235], "84": [-0.019222719505955707, -0.24922290098820923], "85": [0.33062963722304994, -0.22583865555975588], "86": [-0.29231719610598467, 0.09695381683552536], "87": [0.1446482675364391, -0.0872852193056624], "88": [0.5442388580686319, -0.3483474301576565], "89": [0.10866843110984707, 0.27222454251846834], "90": [0.013993014430603506, -0.4671738851358681], "91": [-0.0452821511528031, -0.013749462724263903], "92": [0.2572331492216684, 0.10985769446203993], "93": [0.3250375466411879, 0.004390085451324605], "94": [-0.27854574902168316, -0.04831750332866017], "95": [-0.14907149874865058, 0.3472526555118852], "96": [-0.01098950596724722, -0.1713809091446106], "97": [0.24489819710512778, -0.026727894285553867], "98": [-0.5134216342279576, -0.20636623094346893], "99": [0.26679293655392083, 0.09389031237525844]}