{"0": [0.742752730846405, 1.833659291267395], "1": [1.0091975927352905, 1.5838850736618042], "2": [1.3980348110198975, 1.131015658378601], "3": [1.4404338598251343, 1.1318297386169434], "4": [4.1260085105896, 0.13779214024543762], "5": [3.9948782920837402, 0.11699452251195908], "6": [1.60108482837677, -0.288613498210907], "7": [3.47746205329895, -0.6387137174606323], "8": [2.961750030517578, -0.767345666885376], "9": [2.418421506881714, -1.0949015617370605], "10": [8.57632827758789, -1.1928502321243286], "11": [2.8088245391845703, -1.4110219478607178], "12": [8.079129219055176, -1.1261838674545288], "13": [8.9981050491333, -1.614281177520752], "14": [-1.7473008632659912, -2.7063992023468018], "15": [5.282412052154541, -1.399515986442566], "16": [1.0915446281433105, -2.2128055095672607], "17": [4.339987277984619, -1.8667651414871216], "18": [3.4980857372283936, 2.3976361751556396], "19": [1.0586613416671753, -2.346259832382202], "20": [-1.3858509063720703, -2.596550941467285], "21": [-0.11519722640514374, -0.9620726704597473], "22": [-1.524420976638794, -2.9898197650909424], "23": [3.8946382999420166, -2.1827943325042725], "24": [4.415375709533691, -2.00700044631958], "25": [6.038067817687988, -1.3491507768630981], "26": [0.5444217920303345, -2.5415823459625244], "27": [-6.2948384284973145, -3.664292335510254], "28": [-1.2031505107879639, -0.740082323551178], "29": [0.3951367735862732, -3.9183945655822754], "30": [5.784226417541504, -1.4504448175430298], "31": [-3.136441230773926, -2.770038366317749], "32": [8.650574684143066, -1.3812788724899292], "33": [4.71972131729126, -2.0007004737854004], "34": [3.4940850734710693, 2.3441503047943115], "35": [-2.6649584770202637, -2.891240119934082], "36": [0.3290784955024719, -3.0923655033111572], "37": [-1.8249231576919556, -1.454959511756897], "38": [5.776185035705566, -1.719929814338684], "39": [1.4705901145935059, -3.1820755004882812], "40": [-4.222408771514893, -3.0005788803100586], "41": [-1.9625920057296753, -3.0729243755340576], "42": [1.9774363040924072, -2.7659690380096436], "43": [7.491776943206787, -1.212549090385437], "44": [3.7356173992156982, -2.4572408199310303], "45": [-5.878768444061279, -3.3579914569854736], "46": [-5.11337947845459, -2.988276243209839], "47": [6.05883264541626, -1.611752986907959], "48": [9.080141067504883, -1.7855300903320312], "49": [1.7589375972747803, -2.7266342639923096], "50": [8.928784370422363, -1.547060251235962], "51": [7.652927875518799, -1.2067514657974243], "52": [0.05955891311168671, -2.861063241958618], "53": [1.3694140911102295, -2.56477427482605], "54": [6.305991172790527, -1.412569284439087], "55": [1.4445260763168335, -3.2330849170684814], "56": [5.573235034942627, -0.04141831025481224], "57": [-4.817578315734863, -2.84328031539917], "58": [4.597783088684082, -2.3348774909973145], "59": [1.0940935611724854, -2.745830774307251], "60": [-0.5248328447341919, -2.8175504207611084], "61": [0.7528532147407532, -3.156540870666504], "62": [-5.806157112121582, -3.3006224632263184], "63": [-0.9404922127723694, -3.110840320587158], "64": [-5.899655342102051, -3.3706436157226562], "65": [9.035085678100586, -3.7518258094787598], "66": [4.000049591064453, -2.4773752689361572], "67": [8.638215065002441, -1.3871424198150635], "68": [8.038113594055176, -1.2121914625167847], "69": [1.5627119541168213, -3.2458040714263916], "70": [-6.079613208770752, -3.4834187030792236], "71": [0.3469308018684387, -2.712244749069214], "72": [4.6916069984436035, -2.3059709072113037], "73": [-1.5109100341796875, -3.226452589035034], "74": [5.369962215423584, -1.8972958326339722], "75": [-2.519711971282959, -2.9860777854919434], "76": [9.087666511535645, -3.4024462699890137], "77": [-3.448530435562134, -3.0617339611053467], "78": [5.199286937713623, -1.986326813697815], "79": [6.470644950866699, -1.3754149675369263], "80": [-4.300928592681885, -2.6794543266296387], "81": [-1.7901041507720947, -3.1928813457489014], "82": [3.1553492546081543, -2.629002094268799], "83": [-4.7973952293396, -2.8330178260803223], "84": [0.740888237953186, -3.1910855770111084], "85": [-3.6053466796875, -2.3203046321868896], "86": [9.044952392578125, -1.7138910293579102], "87": [7.5605387687683105, -1.2072354555130005], "88": [9.126791000366211, -2.6406350135803223], "89": [1.1561646461486816, -3.309373140335083], "90": [1.4729019403457642, -2.6307268142700195], "91": [2.6835665702819824, -2.7273213863372803], "92": [-4.945267677307129, -2.946683645248413], "93": [2.9907066822052, -2.663973331451416], "94": [-0.5534350872039795, -3.1565113067626953], "95": [-3.001978874206543, -3.0484914779663086], "96": [-3.3607733249664307, -3.047924518585205], "97": [-0.42491403222084045, -3.124333381652832], "98": [-4.049670219421387, -2.9409408569335938], "99": [-3.7802937030792236, -2.7953290939331055]}