{"0": [8.333452224731445, 9.022298812866211], "1": [8.143804550170898, 9.275985717773438], "2": [8.177905082702637, 9.164000511169434], "3": [8.057211875915527, 9.043207168579102], "4": [8.900081634521484, 9.073373794555664], "5": [8.85248851776123, 9.191521644592285], "6": [7.670558452606201, 9.541621208190918], "7": [8.722214698791504, 9.442935943603516], "8": [8.398024559020996, 9.533227920532227], "9": [8.025303840637207, 9.69761848449707], "10": [12.85102367401123, 7.940343856811523], "11": [8.285863876342773, 9.808451652526855], "12": [12.57682991027832, 7.937441825866699], "13": [13.230294227600098, 7.711357116699219], "14": [4.711750030517578, 7.92349910736084], "15": [10.383462905883789, 9.00317668914795], "16": [6.407795429229736, 9.996625900268555], "17": [9.787261962890625, 9.993891716003418], "18": [6.7234978675842285, 8.667887687683105], "19": [6.459623336791992, 10.128396987915039], "20": [4.785782337188721, 8.168502807617188], "21": [6.55039644241333, 9.21541976928711], "22": [4.447262763977051, 8.096906661987305], "23": [9.447033882141113, 10.100275039672852], "24": [9.709371566772461, 9.812220573425293], "25": [10.67480754852295, 8.493935585021973], "26": [5.714457988739014, 9.789969444274902], "27": [1.215142011642456, 7.602034568786621], "28": [5.716452121734619, 8.329965591430664], "29": [6.363351345062256, 9.536967277526855], "30": [10.831984519958496, 8.773846626281738], "31": [3.136059045791626, 7.728775978088379], "32": [13.100101470947266, 7.995399475097656], "33": [10.074492454528809, 9.7587251663208], "34": [6.623519420623779, 8.616445541381836], "35": [3.4877567291259766, 7.754506587982178], "36": [5.552093029022217, 9.612578392028809], "37": [5.363945484161377, 8.181916236877441], "38": [10.528979301452637, 8.92892837524414], "39": [6.698253154754639, 10.073972702026367], "40": [2.2170169353485107, 7.3922119140625], "41": [4.377562522888184, 7.842007637023926], "42": [7.043558120727539, 10.615755081176758], "43": [12.219502449035645, 8.271709442138672], "44": [9.0715913772583, 10.26976203918457], "45": [1.1708723306655884, 7.7265472412109375], "46": [1.7487620115280151, 7.794273376464844], "47": [10.760407447814941, 8.620292663574219], "48": [13.302618026733398, 7.731821060180664], "49": [6.927412986755371, 10.488285064697266], "50": [13.333252906799316, 7.637025833129883], "51": [12.353779792785645, 8.136128425598145], "52": [5.3549418449401855, 9.512579917907715], "53": [6.683789253234863, 10.670014381408691], "54": [10.73962688446045, 8.444737434387207], "55": [6.532337188720703, 10.409435272216797], "56": [10.044251441955566, 8.626690864562988], "57": [1.897342562675476, 7.605845928192139], "58": [9.657236099243164, 9.763406753540039], "59": [6.30402946472168, 10.462980270385742], "60": [4.957708835601807, 8.951001167297363], "61": [5.900047779083252, 10.055806159973145], "62": [1.3113844394683838, 7.517776012420654], "63": [4.700997352600098, 8.537618637084961], "64": [1.2240175008773804, 7.633058071136475], "65": [12.995887756347656, 7.392131328582764], "66": [9.231036186218262, 10.016203880310059], "67": [13.038166999816895, 8.080546379089355], "68": [12.579378128051758, 7.98408842086792], "69": [6.76638126373291, 10.209253311157227], "70": [1.1287035942077637, 7.6400065422058105], "71": [5.546256065368652, 9.777393341064453], "72": [9.923176765441895, 9.848282814025879], "73": [4.5318779945373535, 8.062357902526855], "74": [10.162975311279297, 9.2613525390625], "75": [3.6241815090179443, 7.73514986038208], "76": [13.047547340393066, 7.3098649978637695], "77": [2.8923375606536865, 7.590656280517578], "78": [10.138259887695312, 9.479199409484863], "79": [10.840035438537598, 8.495626449584961], "80": [2.369821310043335, 7.4992594718933105], "81": [4.245560646057129, 8.086112022399902], "82": [8.56049633026123, 10.31262493133545], "83": [1.8110473155975342, 7.726002216339111], "84": [5.798932075500488, 10.177701950073242], "85": [2.6235737800598145, 7.842410087585449], "86": [13.12560749053955, 7.511054992675781], "87": [12.400308609008789, 8.143244743347168], "88": [13.334269523620605, 7.515679836273193], "89": [6.035089492797852, 10.477839469909668], "90": [6.53512716293335, 10.564010620117188], "91": [8.015223503112793, 10.444313049316406], "92": [1.8402087688446045, 7.762997150421143], "93": [8.289685249328613, 10.436482429504395], "94": [4.799402713775635, 8.855769157409668], "95": [3.236391067504883, 7.8034210205078125], "96": [2.8999521732330322, 7.648169994354248], "97": [4.921685218811035, 8.999320983886719], "98": [2.3190598487854004, 7.398646831512451], "99": [2.6012752056121826, 7.512825965881348]}